Run ID,Agent Name,Task,Result,Timestamp
65759100-00e8-42b6-b28f-6018d61a0ad0,AI-Recruitment-HR-Agent,Develop a comprehensive strategy to position the recruitment firm as the go-to source for AI engineering. Create sop to source and maintain a list of candidates and who they could be matched ,"**Comprehensive Strategy: Positioning the Recruitment Firm as the Go-to Source for AI Engineering**

**Mission Statement:**
Establish our recruitment firm as the premier destination for AI engineering talent, providing top-notch candidates to clients while fostering a culture of innovation and excellence.

**Objectives:**

1. Develop a robust pipeline of AI engineering candidates.
2. Establish strategic partnerships with key industry players.
3. Enhance our employer brand to attract and retain top AI talent.
4. Implement a cutting-edge candidate management system.
5. Provide exceptional client service and candidate experience.

**Standard Operating Procedure (SOP) for Sourcing and Maintaining a List of AI Engineering Candidates:**

**I. Candidate Sourcing**

1. **Social Media and Online Platforms:**
	* Utilize LinkedIn, Twitter, GitHub, and other relevant platforms to identify and engage with AI engineering professionals.
	* Leverage hashtags, job boards, and online communities to source candidates.
2. **Networking and Referrals:**
	* Attend industry conferences, meetups, and events to connect with AI engineering professionals.
	* Encourage referrals from existing candidates, clients, and partners.
3. **Job Boards and Career Websites:**
	* Post job openings on popular job boards, such as Indeed, Glassdoor, and We Work Remotely.
	* Utilize niche job boards, like AngelList and Hacker News.
4. **Employee Referrals:**
	* Implement an employee referral program to incentivize current employees to refer qualified candidates.
5. **AI-focused Communities:**
	* Partner with online communities, forums, and groups focused on AI and machine learning.

**II. Candidate Management System**

1. **Candidate Database:**
	* Utilize a cloud-based candidate management system, such as Workday or BambooHR.
	* Store candidate information, including resumes, cover letters, and contact details.
2. **Candidate Profiling:**
	* Develop a comprehensive candidate profiling system to track skills, experience, and interests.
	* Utilize AI-powered tools to analyze candidate data and identify top talent.
3. **Candidate Communication:**
	* Establish regular communication with candidates through email, phone, and social media.
	* Provide personalized updates on job openings, industry news, and company events.

**III. Candidate Matching and Placement**

1. **Client Briefings:**
	* Conduct thorough briefings with clients to understand their AI engineering needs.
	* Develop a deep understanding of client requirements, including technical skills, company culture, and team dynamics.
2. **Candidate Matching:**
	* Utilize the candidate management system to identify top candidates matching client requirements.
	* Leverage AI-powered tools to analyze candidate data and predict success in specific roles.
3. **Interview Process:**
	* Coordinate interviews between clients and shortlisted candidates.
	* Provide feedback to candidates and clients throughout the interview process.
4. **Placement and Onboarding:**
	* Facilitate the placement process, including contract negotiations and onboarding.
	* Ensure a smooth transition for both clients and candidates.

**IV. Candidate Retention and Development**

1. **Candidate Engagement:**
	* Regularly engage with placed candidates to ensure job satisfaction and provide support.
	* Offer training and development opportunities to enhance candidate skills.
2. **Alumni Network:**
	* Establish an alumni network for placed candidates to connect, share knowledge, and collaborate.
	* Host events and webinars to foster a sense of community among alumni.
3. **Candidate Feedback:**
	* Collect feedback from candidates on the recruitment process, client experience, and job satisfaction.
	* Utilize feedback to improve the candidate experience and refine the recruitment process.

**V. Performance Metrics and Monitoring**

1. **Key Performance Indicators (KPIs):**
	* Track KPIs, such as time-to-hire, candidate satisfaction, and client satisfaction.
	* Monitor the effectiveness of the candidate management system and AI-powered tools.
2. **Regular Review and Analysis:**
	* Conduct regular reviews of the recruitment process, candidate pipeline, and client satisfaction.
	* Analyze data to identify areas for improvement and implement changes to optimize the recruitment process.

By implementing this comprehensive strategy and SOP, our recruitment firm will establish itself as the go-to source for AI engineering talent, providing top-notch candidates to clients while fostering a culture of innovation and excellence.",2024-10-17T18:44:29.024237
65759100-00e8-42b6-b28f-6018d61a0ad0,AI-Recruitment-Sales-Agent,Develop a comprehensive strategy to position the recruitment firm as the go-to source for AI engineering. Create sop to source and maintain a list of candidates and who they could be matched ,"**Comprehensive Strategy: Positioning the Recruitment Firm as the Go-to Source for AI Engineering Talent**

**Mission Statement:**
Establish our recruitment firm as the premier partner for companies seeking top AI engineering talent, providing unparalleled service, expertise, and candidate matching.

**Objectives:**

1. Develop a robust network of AI engineering professionals and maintain a pipeline of qualified candidates.
2. Build strong relationships with key decision-makers in the tech industry, focusing on AI-driven companies.
3. Offer tailored recruitment services, leveraging our expertise in AI engineering talent acquisition.
4. Stay up-to-date on AI industry trends, talent market dynamics, and emerging technologies.

**Standard Operating Procedure (SOP) for Sourcing and Maintaining a List of Candidates:**

**Candidate Sourcing:**

1. **Social Media and Online Platforms:**
	* Utilize LinkedIn, GitHub, and other professional networks to identify and connect with AI engineering professionals.
	* Leverage social media advertising to reach a broader audience.
2. **Employee Referrals:**
	* Implement an employee referral program, incentivizing current employees to refer qualified candidates.
3. **Industry Events and Conferences:**
	* Attend AI-focused conferences, meetups, and webinars to network with potential candidates.
4. **Job Boards and Career Websites:**
	* Post job openings on niche job boards, such as We Work Remotely, Remote.co, and AngelList.
5. **Networking and Partnerships:**
	* Collaborate with AI-focused universities, research institutions, and incubators to access emerging talent.

**Candidate Management:**

1. **Candidate Profiling:**
	* Create detailed profiles for each candidate, including their skills, experience, and career goals.
2. **Skill Assessment:**
	* Develop a comprehensive skill assessment framework to evaluate candidates' technical expertise.
3. **Candidate Engagement:**
	* Regularly engage with candidates through email, phone, or video calls to maintain relationships and stay updated on their career aspirations.
4. **Candidate Matching:**
	* Utilize our expertise to match candidates with suitable job openings, considering factors like company culture, team dynamics, and growth opportunities.

**Client Relationship Management:**

1. **Client Profiling:**
	* Develop detailed profiles for each client, including their company culture, team structure, and hiring needs.
2. **Regular Communication:**
	* Schedule regular check-ins with clients to understand their evolving needs and provide market insights.
3. **Tailored Recruitment Services:**
	* Offer customized recruitment solutions, including executive search, contingency recruitment, and recruitment process outsourcing (RPO).

**AI Industry Trends and Talent Market Dynamics:**

1. **Market Research:**
	* Conduct regular market research to stay updated on AI industry trends, emerging technologies, and talent market dynamics.
2. **Thought Leadership:**
	* Publish articles, whitepapers, and blog posts on AI engineering talent acquisition, showcasing our expertise and thought leadership.

**Client Segmentation and Tailored Pitches:**

1. **Startups:**
	* Emphasize our ability to quickly identify and attract top talent, highlighting our expertise in AI engineering recruitment.
	* Offer flexible recruitment solutions, including contingency recruitment and RPO.
2. **Enterprises:**
	* Focus on our ability to provide strategic recruitment solutions, including executive search and talent mapping.
	* Highlight our expertise in managing large-scale recruitment projects and our understanding of complex organizational structures.
3. **Scale-ups:**
	* Emphasize our ability to provide scalable recruitment solutions, including RPO and talent pipelining.
	* Highlight our expertise in managing rapid growth and our understanding of the challenges associated with scaling a business.

By following this comprehensive strategy and SOP, we will establish our recruitment firm as the go-to source for AI engineering talent, providing unparalleled service, expertise, and candidate matching to our clients.",2024-10-17T18:44:29.024237
65759100-00e8-42b6-b28f-6018d61a0ad0,AI-Engineer-Sourcing-Agent,Develop a comprehensive strategy to position the recruitment firm as the go-to source for AI engineering. Create sop to source and maintain a list of candidates and who they could be matched ,"**Comprehensive Strategy: Positioning the Recruitment Firm as the Go-to Source for AI Engineering**

**Objective:**
Establish the recruitment firm as the leading source for AI engineering talent, providing top-notch candidates to clients while maintaining a robust pipeline of potential candidates.

**I. Branding and Marketing**

1. Develop a dedicated AI engineering recruitment brand, highlighting expertise and specialization in the field.
2. Create engaging content (blog posts, social media, podcasts, webinars) showcasing industry insights, trends, and thought leadership.
3. Leverage LinkedIn and other professional networks to promote the brand and establish relationships with potential candidates and clients.
4. Collaborate with industry partners and attend relevant conferences to increase visibility and credibility.

**II. Sourcing and Pipeline Development**

1. Identify and utilize various platforms, networks, and tools to source AI engineering candidates, including:
	* Professional networks (LinkedIn, GitHub, Stack Overflow)
	* Job boards and career websites (Indeed, Glassdoor, We Work Remotely)
	* Social media and online communities (Reddit, Twitter, Facebook groups)
	* Referrals and employee networks
	* AI-focused events and conferences
2. Develop a robust pipeline of AI talent across different specializations, including:
	* Machine Learning Engineers
	* Natural Language Processing (NLP) Specialists
	* Computer Vision Engineers
	* Robotics Engineers
	* Data Scientists
3. Create a database to track and manage potential candidates, including:
	* Candidate profiles and resumes
	* Skill sets and areas of expertise
	* Contact information and communication history
	* Notes and feedback from previous interactions

**III. Candidate Screening and Matching**

1. Develop a comprehensive screening process to assess technical skills, experience, and cultural fit, including:
	* Initial phone or video interviews to assess technical skills and experience
	* In-depth technical assessments and coding challenges
	* Cultural fit evaluations through behavioral interviews and reference checks
2. Collaborate with sales agents to understand client requirements and preferences, including:
	* Job descriptions and requirements
	* Company culture and values
	* Ideal candidate profiles and skill sets
3. Match candidates with client requirements, considering factors such as:
	* Technical skills and experience
	* Cultural fit and company values
	* Salary and compensation expectations
	* Career goals and aspirations

**IV. Sourcing Strategies for Passive Candidates**

1. Implement innovative sourcing strategies to reach passive candidates, including:
	* Social media advertising and sponsored content
	* Employee referrals and internal networking
	* Partnerships with AI-focused communities and organizations
	* Personalized outreach and messaging through email and LinkedIn
2. Utilize AI-powered tools and platforms to streamline sourcing and candidate engagement, including:
	* AI-driven candidate matching and recommendation engines
	* Chatbots and virtual assistants for candidate communication
	* Predictive analytics and machine learning algorithms for candidate pipeline management

**V. Database Management and Maintenance**

1. Regularly update and maintain the candidate database to ensure accuracy and relevance, including:
	* Quarterly reviews of candidate profiles and resumes
	* Bi-annual updates of candidate contact information and communication history
	* Annual assessments of candidate skill sets and areas of expertise
2. Continuously monitor and evaluate the effectiveness of sourcing strategies and pipeline development, including:
	* Quarterly metrics and analytics reports
	* Bi-annual reviews of client satisfaction and feedback
	* Annual assessments of recruitment firm performance and market trends

**Standard Operating Procedure (SOP) for Sourcing and Maintaining a List of Candidates**

1. **Candidate Identification**
	* Utilize various platforms, networks, and tools to source AI engineering candidates.
	* Review and evaluate candidate profiles and resumes for technical skills, experience, and cultural fit.
2. **Candidate Screening**
	* Conduct initial phone or video interviews to assess technical skills and experience.
	* Administer in-depth technical assessments and coding challenges to evaluate candidate expertise.
	* Evaluate cultural fit through behavioral interviews and reference checks.
3. **Candidate Matching**
	* Collaborate with sales agents to understand client requirements and preferences.
	* Match candidates with client requirements, considering technical skills, cultural fit, and other factors.
4. **Candidate Engagement**
	* Utilize AI-powered tools and platforms to streamline candidate engagement and communication.
	* Implement innovative sourcing strategies to reach passive candidates.
5. **Database Management**
	* Regularly update and maintain the candidate database to ensure accuracy and relevance.
	* Continuously monitor and evaluate the effectiveness of sourcing strategies and pipeline development.

By following this comprehensive strategy and SOP, the recruitment firm can establish itself as the go-to source for AI engineering talent, providing top-notch candidates to clients while maintaining a robust pipeline of potential candidates.",2024-10-17T18:44:29.024237
65759100-00e8-42b6-b28f-6018d61a0ad0,Marketing-Professional-Sourcing-Agent,Develop a comprehensive strategy to position the recruitment firm as the go-to source for AI engineering. Create sop to source and maintain a list of candidates and who they could be matched ,"**Comprehensive Strategy: Positioning as the Go-To Source for AI Engineering Recruitment**

**Objective:** Establish our recruitment firm as the premier destination for AI engineering talent, providing top-notch candidates to clients in the tech industry.

**Target Audience:**

1. AI engineers (software engineers, data scientists, machine learning engineers, etc.)
2. Tech companies (startups, scale-ups, and established organizations) seeking AI engineering talent
3. Key decision-makers in the tech industry (CTOs, Engineering Managers, etc.)

**Sourcing Strategy:**

1. **Social Media and Online Platforms:**
	* Utilize LinkedIn, GitHub, Stack Overflow, and other platforms to identify and connect with AI engineers.
	* Leverage hashtags, groups, and online communities related to AI engineering.
	* Share relevant content, industry news, and thought leadership pieces to attract potential candidates.
2. **Networking and Partnerships:**
	* Attend industry conferences, meetups, and events to connect with AI engineers and thought leaders.
	* Collaborate with universities, research institutions, and AI-focused organizations to access top talent.
	* Partner with complementary businesses (e.g., AI consulting firms) to expand our network.
3. **Employee Referrals and Alumni Networks:**
	* Encourage current employees to refer their professional networks, offering incentives for successful placements.
	* Leverage alumni networks from top universities and AI-focused programs to connect with potential candidates.
4. **Content Marketing and Thought Leadership:**
	* Develop informative blog posts, whitepapers, and case studies on AI engineering topics.
	* Host webinars, workshops, and online events to showcase our expertise and attract potential candidates.
5. **Database Development and Management:**
	* Create a comprehensive database of AI engineers, including their skills, experience, and interests.
	* Utilize AI-powered tools to analyze and update the database, ensuring accuracy and relevance.

**Standard Operating Procedure (SOP) for Sourcing and Maintaining a List of Candidates:**

**Step 1: Candidate Identification**

1. Utilize social media and online platforms to identify potential AI engineers.
2. Leverage employee referrals, alumni networks, and partnerships to access top talent.
3. Analyze industry reports, research papers, and news articles to identify emerging trends and talent.

**Step 2: Candidate Profiling**

1. Create a comprehensive profile for each candidate, including:
	* Contact information
	* Professional experience
	* Skills and expertise
	* Education and certifications
	* Interests and preferences
2. Utilize AI-powered tools to analyze and update candidate profiles.

**Step 3: Candidate Engagement**

1. Reach out to candidates via email, phone, or social media to introduce our recruitment firm and services.
2. Share relevant content, industry news, and thought leadership pieces to attract and engage potential candidates.
3. Offer personalized advice, guidance, and support to build trust and establish our expertise.

**Step 4: Candidate Matching**

1. Analyze client requirements and job descriptions to identify the best candidate matches.
2. Utilize our database and AI-powered tools to shortlist candidates based on their skills, experience, and interests.
3. Present top candidates to clients, highlighting their strengths and potential fit.

**Step 5: Candidate Management**

1. Regularly update and maintain our database of AI engineers.
2. Continuously engage with candidates to ensure their interests and preferences are aligned with our services.
3. Offer ongoing support and guidance to candidates throughout their careers.

**Matching Candidates with Clients:**

1. **Software Engineer:** Match with clients seeking expertise in AI development, such as computer vision, natural language processing, or machine learning.
2. **Data Scientist:** Match with clients requiring data analysis, visualization, and interpretation expertise in AI applications.
3. **Machine Learning Engineer:** Match with clients seeking expertise in developing and deploying AI models, such as predictive maintenance or recommender systems.
4. **AI Researcher:** Match with clients conducting research in AI, such as developing new algorithms or exploring AI applications in various industries.

By implementing this comprehensive strategy and SOP, our recruitment firm will establish itself as the go-to source for AI engineering talent, providing top-notch candidates to clients in the tech industry.",2024-10-17T18:44:29.024237
65759100-00e8-42b6-b28f-6018d61a0ad0,AI-Recruitment-Management-Agent,Develop a comprehensive strategy to position the recruitment firm as the go-to source for AI engineering. Create sop to source and maintain a list of candidates and who they could be matched ,"**Comprehensive Strategy: Positioning as the Go-to Source for AI Engineering Recruitment**

**Mission Statement:**
To establish our recruitment firm as the premier partner for AI engineering talent acquisition, delivering exceptional service, and fostering long-term relationships with clients and candidates.

**Objectives:**

1. Develop a robust pipeline of top AI engineering talent.
2. Build strong relationships with key clients in the AI and tech industries.
3. Establish a reputation for expertise in AI engineering recruitment.
4. Achieve a client satisfaction rate of 95% or higher.
5. Maintain a candidate satisfaction rate of 90% or higher.

**Strategic Initiatives:**

1. **Market Research and Analysis:**
	* Conduct market research to identify key trends, challenges, and opportunities in AI engineering.
	* Analyze competitors and identify areas for differentiation.
2. **Candidate Sourcing and Management:**
	* Develop a Standard Operating Procedure (SOP) for sourcing and managing AI engineering candidates (see below).
	* Utilize social media, job boards, and professional networks to attract top talent.
	* Implement a candidate relationship management (CRM) system to track interactions and maintain relationships.
3. **Client Relationship Building:**
	* Identify key decision-makers at target clients and establish relationships.
	* Offer tailored recruitment solutions and provide market insights to clients.
	* Host webinars, workshops, and networking events to showcase expertise and build trust.
4. **Talent Acquisition and Management:**
	* Develop a comprehensive understanding of AI engineering roles and required skills.
	* Create a talent pool of pre-screened, qualified candidates.
	* Utilize AI-powered tools to streamline the recruitment process and improve candidate matching.
5. **Marketing and Branding:**
	* Develop a strong brand identity and messaging focused on AI engineering expertise.
	* Create targeted marketing campaigns to attract clients and candidates.
	* Utilize content marketing, social media, and thought leadership to establish the firm as a trusted authority in AI engineering recruitment.

**Standard Operating Procedure (SOP) for Sourcing and Managing AI Engineering Candidates:**

**Step 1: Candidate Identification**

* Utilize social media, job boards, and professional networks to identify potential candidates.
* Leverage employee referrals, alumni networks, and industry events to find top talent.
* Utilize AI-powered tools to analyze candidate data and identify potential matches.

**Step 2: Candidate Outreach**

* Craft personalized messages and emails to engage candidates.
* Utilize phone and video calls to conduct initial screenings.
* Assess candidate interest, skills, and experience.

**Step 3: Candidate Screening**

* Conduct in-depth technical interviews to assess candidate skills and expertise.
* Utilize skills assessments and coding challenges to evaluate candidate abilities.
* Verify candidate credentials and references.

**Step 4: Candidate Management**

* Create a candidate profile and store in the CRM system.
* Maintain regular communication with candidates to keep them informed about job opportunities.
* Offer career guidance and support to candidates.

**Step 5: Candidate Matching**

* Utilize AI-powered tools to match candidates with job openings.
* Consider candidate preferences, skills, and experience when making matches.
* Present candidates to clients and facilitate the interview process.

**Step 6: Candidate Onboarding**

* Provide candidates with information about the client company and role.
* Offer support and guidance throughout the onboarding process.
* Conduct regular check-ins to ensure candidate satisfaction.

**Candidate Matching Matrix:**

| Candidate Skills | Job Openings |
| --- | --- |
| Machine Learning | AI Engineer, Machine Learning Engineer |
| Natural Language Processing | NLP Engineer, Conversational AI Engineer |
| Computer Vision | Computer Vision Engineer, Image Processing Engineer |
| Data Science | Data Scientist, Data Engineer |
| Robotics | Robotics Engineer, Autonomous Systems Engineer |

**Client Matching Matrix:**

| Client Industry | Job Openings |
| --- | --- |
| Healthcare | Medical Imaging Engineer, Clinical AI Engineer |
| Finance | Risk Management AI Engineer, Trading AI Engineer |
| Technology | AI Software Engineer, AI Research Scientist |
| Automotive | Autonomous Vehicle Engineer, Computer Vision Engineer |
| Education | AI-powered Learning Platform Engineer, Educational AI Researcher |

By following this comprehensive strategy and SOP, our recruitment firm will establish itself as the go-to source for AI engineering talent acquisition, delivering exceptional service and fostering long-term relationships with clients and candidates.",2024-10-17T18:44:29.024237
